partition_id,frame,route_id,language,unique_ids,route_incidences,review_state
control.anis.scientific,controls,,,1,1,permanent_negative_control
control.system.sostav,controls,,,1,1,permanent_negative_control
ru.americanec,russian,,,1,1,researched_partition_requires_finite_head_edge_review
ru.atrium,russian,,,1,1,researched_partition_requires_finite_head_edge_review
ru.borrowing.proposal,russian,,,5,5,researched_partition_requires_finite_head_edge_review
ru.damage,russian,,,2,2,researched_partition_requires_finite_head_edge_review
ru.kryl,russian,,,3,3,researched_partition_requires_finite_head_edge_review
ru.names,russian,,,4,4,researched_partition_requires_finite_head_edge_review
ru.native.other,russian,,,4,4,researched_partition_requires_finite_head_edge_review
ru.noise,russian,,,4,5,researched_partition_requires_finite_head_edge_review
ru.pizza,russian,,,1,1,researched_partition_requires_finite_head_edge_review
ru.um.mental,russian,,,2,2,researched_partition_requires_finite_head_edge_review
ru.umlaut,russian,,,1,1,researched_partition_requires_finite_head_edge_review
ru.umyt,russian,,,1,1,researched_partition_requires_finite_head_edge_review
tower.control.de.bismarckturm,tower,,,1,2,researched_partition_requires_finite_head_edge_review
tower.control.en.acceptor,tower,,,1,2,researched_partition_requires_finite_head_edge_review
tower.control.en.agricultor,tower,,,1,2,researched_partition_requires_finite_head_edge_review
tower.control.en.tor,tower,,,1,2,researched_partition_requires_finite_head_edge_review
tower.control.en.torres,tower,,,1,2,researched_partition_requires_finite_head_edge_review
tower.control.fr.demi-tour,tower,,,1,2,researched_partition_requires_finite_head_edge_review
tower.control.fr.tours,tower,,,1,2,researched_partition_requires_finite_head_edge_review
tower.control.it.torremolinos,tower,,,1,2,researched_partition_requires_finite_head_edge_review
tower.control.ru.аббревиатура,tower,,,1,2,researched_partition_requires_finite_head_edge_review
tower.control.ru.адвокатура,tower,,,1,2,researched_partition_requires_finite_head_edge_review
tower.de.turm,tower,,,1,2,researched_partition_requires_finite_head_edge_review
tower.en.tower,tower,,,1,2,researched_partition_requires_finite_head_edge_review
tower.en.turret,tower,,,1,2,researched_partition_requires_finite_head_edge_review
tower.es.torre,tower,,,1,2,researched_partition_requires_finite_head_edge_review
tower.fr.tour,tower,,,1,2,researched_partition_requires_finite_head_edge_review
tower.it.torre,tower,,,1,2,researched_partition_requires_finite_head_edge_review
tower.ru.тура,tower,,,1,2,researched_partition_requires_finite_head_edge_review
unresolved:02f3e870e8131328c05bf915cbdb1b45ca7200fb7d68bf27840ae9dc0df0ba6e,val,ety:acab8c629de8,it,11,11,unreviewed
unresolved:042b461a600580fe0423bb1c6ca5df173bb7e8c2a0afff4288ef49b4155fb9dc,val,ety:e12cdb45881f,en,46,46,unreviewed
unresolved:0bea3dc992f579eb904c221cd3285ab8a2b07a61b170124775b839703ee990a7,val,ety:88d0d6fc2226,fr,1120,1120,unreviewed
unresolved:1182f209bda5040fcbc080ca2d42174fd35c3447ac69b6571df3419d832e4067,tower,ety:f6fc9545f482,fr,81,81,unreviewed
unresolved:127a27d66b4e86cdf41a7726ffdfbbc1fdd0be9fe158cb4db9a241141dba95c3,tower,ety:f6fc9545f482,en,584,584,unreviewed
unresolved:230df5a402abc77cda28562831e3a7a85a89b87b463001b8a92ce78b8fde24f7,val,ety:f7c173d84c24,fr,1120,1120,unreviewed
unresolved:35b85e2e34b19aa0998581e431328c1876117cfc16e2f5d8f132bad93a577157,russian,surface:ru:lo,ru,496,496,unreviewed
unresolved:36957f28612d17145cfa63c58984b1207e621211785e39411cf7445f1ec1544c,val,ety:88d0d6fc2226,en,2215,2215,unreviewed
unresolved:378a98091269169725aa40f87d9378651a7b82ee28a5f28d43881d6260a2921e,tower,ety:f12c43164882,fr,81,81,unreviewed
unresolved:3aaa21a1514834a3bca3bc810844295cd42600ad0bbe7b3b4620aba2ee4e7e08,val,ety:e8bac130ca91,en,179,179,unreviewed
unresolved:3fc857aa20b9e59a61377a9c1acb12be721dfbccdb702382c7688e5c744a36dc,val,ety:e8bac130ca91,es,96,96,unreviewed
unresolved:40838c919217f56d3c650d76b7d907473a8437ab4512948b320a65fe490616dc,tower,ety:f6fc9545f482,it,17,17,unreviewed
unresolved:418a25ae3a204cff1d5ab84df7182b02161d382554a4a81d3a97da96ab95448b,val,ety:88d0d6fc2226,it,111,111,unreviewed
unresolved:442c3a4f5225adb3d9eb7f4309f27e2e604cc620be60800d530a035168668382,val,ety:acab8c629de8,fr,1120,1120,unreviewed
unresolved:4636a61be6598f2a68b155a3a6a0c0c6712fdfb4f77e863beae46e25be6a6c51,val,ety:ddf6d676859e,fr,1120,1120,unreviewed
unresolved:4cc3b37a10c3b11f7a244b93d08e9ad3fae806f5099916382b6a4639a0de2b00,val,ety:f6fe7a68b637,fr,1120,1120,unreviewed
unresolved:523a9203c3ea951182734a83f2602b73ea536475d7b6ef582f7dd162b0f5e654,val,ety:74e7854bc739,de,4,4,unreviewed
unresolved:5960301370701b11039954e8c5f9f97bcc01d69549e4ded937d0055bfdaf127d,val,ety:90cc3df5865e,de,4,4,unreviewed
unresolved:5b5da967185d9fd0f1b6a5e903ae5e24710a1df4854444d1dc1e157019a6b10f,russian,surface:ru:ca,ru,494,494,unreviewed
unresolved:62261891b499889e5edea22b2b383a7f659127ffaf7de2aac93871d72c1572d3,val,ety:e12cdb45881f,fr,1120,1120,unreviewed
unresolved:6c92ba35e7341d264925e5768e85b1af2e0e27b67fc32eba7b9bf86391405639,val,ety:f7c173d84c24,it,11,11,unreviewed
unresolved:738dce713681e95c81bd03d426fa9c95487e2dfa5b427f6ffa9772f11891f3b7,russian,surface:ru:um,ru,473,473,unreviewed
unresolved:74ec01bf6a7c8c30bee80624b0647d290d16d1e39807acaef9512f0d691ebb9b,val,ety:74e7854bc739,fr,1120,1120,unreviewed
unresolved:770083bc2160aebfa839b5cd9457b2aefa605ae1f73a4df12519c20d57db2393,val,ety:f00bcab16c95,de,1213,1213,unreviewed
unresolved:7851a084cc5206fdba30cfb8661ecc2d04f354e437a07086c348444029e5528a,val,ety:d8d34e574c18,fr,1120,1120,unreviewed
unresolved:7e301e07b6b851a06e3b32f784365a746b96c81a013c8cdcb4faecf5c6795cdc,russian,surface:ru:nl,ru,548,548,unreviewed
unresolved:81ee754ec99ade4499e5e18e76ae27dd221ef8e98d72dbf9da6a498acd272289,val,ety:e8bac130ca91,it,220,220,unreviewed
unresolved:85e4079746cb7f499172356fe4af962a969d9e0a76960aaf3396cb8045ebbf17,tower,ety:f6fc9545f482,ru,212,212,unreviewed
unresolved:86bb41d4b6f21c15940c0e1b77e31a2162cd77903bf0123c29f4e979be0fcd4a,val,ety:ddf6d676859e,en,2180,2180,unreviewed
unresolved:86f933a1f36dfb96e53b723fad5fb27d265697ce1ecd8b0756745add85f4f269,tower,ety:f12c43164882,en,584,584,unreviewed
unresolved:873f13ee161d21ef80c3d8e8d157d58e6b66394c79cd4789a048b8276c8aba0d,val,ety:90cc3df5865e,it,3,3,unreviewed
unresolved:955ae41c8a59e898b6d82484e69940609f6db6bdaa49e7012c61dd4a0db94531,val,ety:f7c173d84c24,ru,1,1,unreviewed
unresolved:95cd8bc2b92c7b980ed15386eaaefec3b853cd1b2154a2fda3a5146fab713c27,val,ety:74e7854bc739,en,9,9,unreviewed
unresolved:996c87d25b680807d494bcf1c6e3d312429d93916242f125977e8f951b9be1f9,val,ety:90cc3df5865e,fr,1120,1120,unreviewed
unresolved:a8201a615154c4e1f19527c2fa65e9c765c007dbfc328e212da34ac2af017ae4,val,ety:082a0688243f,fr,1120,1120,unreviewed
unresolved:b5498ab680e4c93ea0448fab930711e86f867ec01c50bed46210f71daf37a757,russian,surface:ru:kh,ru,596,596,unreviewed
unresolved:b6621e58e6fb9d194cce47d93c51f8d8d552b1e3aef092ec45aa3a7fdf70ea6f,val,ety:d8d34e574c18,es,1,1,unreviewed
unresolved:b7a5ca1884e1663d172d14f2d0e44ff4cd2329f7c1b752cbb5a1c30919febb47,val,ety:90cc3df5865e,en,9,9,unreviewed
unresolved:bcbe39ee0df9a8aa96e67751a5d6602030de95d4525790a0683212ae8a21c5e2,val,ety:d8d34e574c18,it,209,209,unreviewed
unresolved:be99d2e71e2432a49ec4717e534f39964f715b4fa496af33c2f41355e92d9610,val,ety:f6fe7a68b637,en,2180,2180,unreviewed
unresolved:c05f87debd9861ca2899a5a4b3b3531d03b9c584f2591e2a68a240f543cd1198,val,ety:acab8c629de8,ru,1,1,unreviewed
unresolved:c35ff5249ed4a9bd2d134e400f7f0426547f3f6d4e8a5140fb0b2361fda9d042,val,ety:e12cdb45881f,es,32,32,unreviewed
unresolved:c45ed9aa7285b682dc5cac15f84b438c2407cce71d01f6cdcc41a90b299029e5,val,ety:082a0688243f,en,2181,2181,unreviewed
unresolved:c53bec23208fe007cf571be68438fdf739f857a75b90f3968675fd8b2f2f32e5,tower,ety:f12c43164882,ru,212,212,unreviewed
unresolved:c8fc11fd45cf23bff289c820ffef232240805669c0cfe9981dd7990e744b3a30,val,ety:961ca0038bb5,de,1213,1213,unreviewed
unresolved:cf1f36ad1895a338e4744656c088a54d9ea4a6e40bfc29caf844865e89dd380a,val,ety:e8bac130ca91,de,96,96,unreviewed
unresolved:d40e948d2dc3ee24c2e48f2dc9c3192a713b44326da9f92365a734be8e752fa3,val,ety:d8d34e574c18,en,2,2,unreviewed
unresolved:dcc79967c92e0ad5fef59294298a034f16a64762b2e0f19eb76bae38526d7f88,val,ety:e8bac130ca91,fr,1120,1120,unreviewed
unresolved:e205e2e382ff2db06e234055b11d460fece61c2838ce0b8e49f9b581dd060d0d,val,ety:74e7854bc739,it,3,3,unreviewed
unresolved:e625542df9883e312ec53fd0c77f4793d4276e8b48c59c4da2ac8875f3156dff,tower,ety:f12c43164882,de,172,172,unreviewed
unresolved:e6ec0386b1b8faf16297cd5097e6455a2ebb5ac1ff1fd0f226196b826d874913,tower,ety:f12c43164882,it,17,17,unreviewed
unresolved:e891b236d716c5d01420d76d473c11c6e10ffa18e8991fe933b9c3c0020858fa,val,ety:d8d34e574c18,de,4,4,unreviewed
unresolved:eb48fdb7f49b8cc2a299ee39d252293264a093d5bd8b436b615548bfe5a04127,val,ety:88d0d6fc2226,es,32,32,unreviewed
unresolved:eb60597db726f2dfa23b07943ec6e52297d1b4899fbdc3ec682cdeec2faaf8c8,val,surface:ru:val,ru,71,71,unreviewed
unresolved:f4e47967a009c6a3acb7f5b152717d30539178376d64c7a3ccabd91a547ad805,val,surface:it:val,it,115,115,unreviewed
unresolved:f60718eca0c0cccfbc11cf433fd879d509fba4c2666e5afc101d7c7410c2da9a,tower,ety:f6fc9545f482,de,172,172,unreviewed
val.cheval,val,,,1,11,researched_partition_requires_finite_head_edge_review
val.it.stivale,val,,,1,1,researched_partition_requires_finite_head_edge_review
val.it.valere,val,,,1,1,researched_partition_requires_finite_head_edge_review
val.ru.val,val,,,2,2,researched_partition_requires_finite_head_edge_review
val.valence.chemical,val,,,4,21,researched_partition_requires_finite_head_edge_review
val.valence.linguistic,val,,,4,21,researched_partition_requires_finite_head_edge_review
val.valentia,val,,,2,8,researched_partition_requires_finite_head_edge_review
val.valerius,val,,,3,8,researched_partition_requires_finite_head_edge_review
val.valid,val,,,4,21,researched_partition_requires_finite_head_edge_review
val.valley,val,,,5,32,researched_partition_requires_finite_head_edge_review
val.vallum,val,,,2,6,researched_partition_requires_finite_head_edge_review
val.value,val,,,3,15,researched_partition_requires_finite_head_edge_review
